<!DOCTYPE html><html><head><meta charset="utf-8">
<meta name="viewport" content="width=device-width, initial-scale=1">
<script src="https://cdn.jsdelivr.net/npm/bootstrap@5.2.3/dist/js/bootstrap.bundle.min.js"></script>
<link rel="modulepreload" as="script" crossorigin href="/_nuxt/C:/mes-projets/tools-iia/node_modules/nuxt/dist/app/entry.js">
<script type="module" src="/_nuxt/@vite/client" crossorigin></script>
<script type="module" src="/_nuxt/C:/mes-projets/tools-iia/node_modules/nuxt/dist/app/entry.js" crossorigin></script><script>
if (!window.__NUXT_DEVTOOLS_TIME_METRIC__) {
  Object.defineProperty(window, '__NUXT_DEVTOOLS_TIME_METRIC__', {
    value: {},
    enumerable: false,
    configurable: true,
  })
}
window.__NUXT_DEVTOOLS_TIME_METRIC__.appInit = Date.now()
</script></head><body><div id="__nuxt"></div><div id="teleports"></div><script type="application/json" id="__NUXT_LOGS__">[[]]</script><script type="application/json" id="__NUXT_DATA__" data-ssr="false">[{"_errors":1,"serverRendered":2,"data":3,"state":4,"once":5},{},false,{},{},["Set"]]</script>
<script>window.__NUXT__={};window.__NUXT__.config={public:{},app:{baseURL:"/",buildAssetsDir:"/_nuxt/",cdnURL:""}}</script></body></html>